{
  "id": "dea5bceb-b7c8-4345-abf4-5237f54bd21d",
  "prevId": "00000000-0000-0000-0000-000000000000",
  "version": "7",
  "dialect": "postgresql",
  "tables": {
    "public.backtest_jobs": {
      "name": "backtest_jobs",
      "schema": "",
      "columns": {
        "id": {
          "name": "id",
          "type": "varchar",
          "primaryKey": true,
          "notNull": true,
          "default": "gen_random_uuid()"
        },
        "name": {
          "name": "name",
          "type": "text",
          "primaryKey": false,
          "notNull": true
        },
        "data_source": {
          "name": "data_source",
          "type": "text",
          "primaryKey": false,
          "notNull": true,
          "default": "'telegram'"
        },
        "message_count": {
          "name": "message_count",
          "type": "integer",
          "primaryKey": false,
          "notNull": true
        },
        "status": {
          "name": "status",
          "type": "text",
          "primaryKey": false,
          "notNull": true,
          "default": "'pending'"
        },
        "progress": {
          "name": "progress",
          "type": "integer",
          "primaryKey": false,
          "notNull": false,
          "default": 0
        },
        "error_message": {
          "name": "error_message",
          "type": "text",
          "primaryKey": false,
          "notNull": false
        },
        "candidate_stocks": {
          "name": "candidate_stocks",
          "type": "jsonb",
          "primaryKey": false,
          "notNull": false,
          "default": "'[]'::jsonb"
        },
        "created_at": {
          "name": "created_at",
          "type": "timestamp",
          "primaryKey": false,
          "notNull": false,
          "default": "now()"
        },
        "completed_at": {
          "name": "completed_at",
          "type": "timestamp",
          "primaryKey": false,
          "notNull": false
        }
      },
      "indexes": {},
      "foreignKeys": {},
      "compositePrimaryKeys": {},
      "uniqueConstraints": {},
      "policies": {},
      "checkConstraints": {},
      "isRLSEnabled": false
    },
    "public.backtest_price_data": {
      "name": "backtest_price_data",
      "schema": "",
      "columns": {
        "id": {
          "name": "id",
          "type": "varchar",
          "primaryKey": true,
          "notNull": true,
          "default": "gen_random_uuid()"
        },
        "job_id": {
          "name": "job_id",
          "type": "varchar",
          "primaryKey": false,
          "notNull": true
        },
        "ticker": {
          "name": "ticker",
          "type": "text",
          "primaryKey": false,
          "notNull": true
        },
        "insider_buy_date": {
          "name": "insider_buy_date",
          "type": "text",
          "primaryKey": false,
          "notNull": true
        },
        "price_matrix": {
          "name": "price_matrix",
          "type": "jsonb",
          "primaryKey": false,
          "notNull": true
        },
        "created_at": {
          "name": "created_at",
          "type": "timestamp",
          "primaryKey": false,
          "notNull": false,
          "default": "now()"
        }
      },
      "indexes": {},
      "foreignKeys": {},
      "compositePrimaryKeys": {},
      "uniqueConstraints": {},
      "policies": {},
      "checkConstraints": {},
      "isRLSEnabled": false
    },
    "public.backtest_scenarios": {
      "name": "backtest_scenarios",
      "schema": "",
      "columns": {
        "id": {
          "name": "id",
          "type": "varchar",
          "primaryKey": true,
          "notNull": true,
          "default": "gen_random_uuid()"
        },
        "job_id": {
          "name": "job_id",
          "type": "varchar",
          "primaryKey": false,
          "notNull": true
        },
        "scenario_number": {
          "name": "scenario_number",
          "type": "integer",
          "primaryKey": false,
          "notNull": true
        },
        "name": {
          "name": "name",
          "type": "text",
          "primaryKey": false,
          "notNull": true
        },
        "description": {
          "name": "description",
          "type": "text",
          "primaryKey": false,
          "notNull": false
        },
        "sell_conditions": {
          "name": "sell_conditions",
          "type": "jsonb",
          "primaryKey": false,
          "notNull": true
        },
        "sell_action": {
          "name": "sell_action",
          "type": "jsonb",
          "primaryKey": false,
          "notNull": true
        },
        "total_profit_loss": {
          "name": "total_profit_loss",
          "type": "numeric(12, 2)",
          "primaryKey": false,
          "notNull": true
        },
        "total_profit_loss_percent": {
          "name": "total_profit_loss_percent",
          "type": "numeric(10, 2)",
          "primaryKey": false,
          "notNull": true
        },
        "win_rate": {
          "name": "win_rate",
          "type": "numeric(5, 2)",
          "primaryKey": false,
          "notNull": false
        },
        "number_of_trades": {
          "name": "number_of_trades",
          "type": "integer",
          "primaryKey": false,
          "notNull": true
        },
        "trade_details": {
          "name": "trade_details",
          "type": "jsonb",
          "primaryKey": false,
          "notNull": false
        },
        "created_at": {
          "name": "created_at",
          "type": "timestamp",
          "primaryKey": false,
          "notNull": false,
          "default": "now()"
        }
      },
      "indexes": {},
      "foreignKeys": {},
      "compositePrimaryKeys": {},
      "uniqueConstraints": {},
      "policies": {},
      "checkConstraints": {},
      "isRLSEnabled": false
    },
    "public.backtests": {
      "name": "backtests",
      "schema": "",
      "columns": {
        "id": {
          "name": "id",
          "type": "varchar",
          "primaryKey": true,
          "notNull": true,
          "default": "gen_random_uuid()"
        },
        "name": {
          "name": "name",
          "type": "text",
          "primaryKey": false,
          "notNull": true
        },
        "rule_id": {
          "name": "rule_id",
          "type": "varchar",
          "primaryKey": false,
          "notNull": false
        },
        "start_date": {
          "name": "start_date",
          "type": "timestamp",
          "primaryKey": false,
          "notNull": true
        },
        "end_date": {
          "name": "end_date",
          "type": "timestamp",
          "primaryKey": false,
          "notNull": true
        },
        "initial_capital": {
          "name": "initial_capital",
          "type": "numeric(12, 2)",
          "primaryKey": false,
          "notNull": true
        },
        "final_value": {
          "name": "final_value",
          "type": "numeric(12, 2)",
          "primaryKey": false,
          "notNull": true
        },
        "total_return": {
          "name": "total_return",
          "type": "numeric(10, 2)",
          "primaryKey": false,
          "notNull": true
        },
        "total_return_percent": {
          "name": "total_return_percent",
          "type": "numeric(10, 2)",
          "primaryKey": false,
          "notNull": true
        },
        "number_of_trades": {
          "name": "number_of_trades",
          "type": "integer",
          "primaryKey": false,
          "notNull": true
        },
        "win_rate": {
          "name": "win_rate",
          "type": "numeric(5, 2)",
          "primaryKey": false,
          "notNull": false
        },
        "best_trade": {
          "name": "best_trade",
          "type": "numeric(12, 2)",
          "primaryKey": false,
          "notNull": false
        },
        "worst_trade": {
          "name": "worst_trade",
          "type": "numeric(12, 2)",
          "primaryKey": false,
          "notNull": false
        },
        "trade_log": {
          "name": "trade_log",
          "type": "jsonb",
          "primaryKey": false,
          "notNull": false
        },
        "equity_curve": {
          "name": "equity_curve",
          "type": "jsonb",
          "primaryKey": false,
          "notNull": false
        },
        "created_at": {
          "name": "created_at",
          "type": "timestamp",
          "primaryKey": false,
          "notNull": false,
          "default": "now()"
        }
      },
      "indexes": {},
      "foreignKeys": {},
      "compositePrimaryKeys": {},
      "uniqueConstraints": {},
      "policies": {},
      "checkConstraints": {},
      "isRLSEnabled": false
    },
    "public.ibkr_config": {
      "name": "ibkr_config",
      "schema": "",
      "columns": {
        "id": {
          "name": "id",
          "type": "varchar",
          "primaryKey": true,
          "notNull": true,
          "default": "gen_random_uuid()"
        },
        "gateway_url": {
          "name": "gateway_url",
          "type": "text",
          "primaryKey": false,
          "notNull": true,
          "default": "'https://localhost:5000'"
        },
        "account_id": {
          "name": "account_id",
          "type": "text",
          "primaryKey": false,
          "notNull": false
        },
        "is_connected": {
          "name": "is_connected",
          "type": "boolean",
          "primaryKey": false,
          "notNull": true,
          "default": false
        },
        "is_paper_trading": {
          "name": "is_paper_trading",
          "type": "boolean",
          "primaryKey": false,
          "notNull": true,
          "default": true
        },
        "last_connection_check": {
          "name": "last_connection_check",
          "type": "timestamp",
          "primaryKey": false,
          "notNull": false
        },
        "last_error": {
          "name": "last_error",
          "type": "text",
          "primaryKey": false,
          "notNull": false
        }
      },
      "indexes": {},
      "foreignKeys": {},
      "compositePrimaryKeys": {},
      "uniqueConstraints": {},
      "policies": {},
      "checkConstraints": {},
      "isRLSEnabled": false
    },
    "public.openinsider_config": {
      "name": "openinsider_config",
      "schema": "",
      "columns": {
        "id": {
          "name": "id",
          "type": "varchar",
          "primaryKey": true,
          "notNull": true,
          "default": "gen_random_uuid()"
        },
        "enabled": {
          "name": "enabled",
          "type": "boolean",
          "primaryKey": false,
          "notNull": true,
          "default": false
        },
        "fetch_limit": {
          "name": "fetch_limit",
          "type": "integer",
          "primaryKey": false,
          "notNull": true,
          "default": 50
        },
        "fetch_interval": {
          "name": "fetch_interval",
          "type": "text",
          "primaryKey": false,
          "notNull": true,
          "default": "'hourly'"
        },
        "fetch_previous_day_only": {
          "name": "fetch_previous_day_only",
          "type": "boolean",
          "primaryKey": false,
          "notNull": true,
          "default": false
        },
        "insider_titles": {
          "name": "insider_titles",
          "type": "text[]",
          "primaryKey": false,
          "notNull": false
        },
        "min_transaction_value": {
          "name": "min_transaction_value",
          "type": "integer",
          "primaryKey": false,
          "notNull": false
        },
        "last_sync": {
          "name": "last_sync",
          "type": "timestamp",
          "primaryKey": false,
          "notNull": false
        },
        "last_error": {
          "name": "last_error",
          "type": "text",
          "primaryKey": false,
          "notNull": false
        }
      },
      "indexes": {},
      "foreignKeys": {},
      "compositePrimaryKeys": {},
      "uniqueConstraints": {},
      "policies": {},
      "checkConstraints": {},
      "isRLSEnabled": false
    },
    "public.portfolio_holdings": {
      "name": "portfolio_holdings",
      "schema": "",
      "columns": {
        "id": {
          "name": "id",
          "type": "varchar",
          "primaryKey": true,
          "notNull": true,
          "default": "gen_random_uuid()"
        },
        "ticker": {
          "name": "ticker",
          "type": "text",
          "primaryKey": false,
          "notNull": true
        },
        "quantity": {
          "name": "quantity",
          "type": "integer",
          "primaryKey": false,
          "notNull": true
        },
        "average_purchase_price": {
          "name": "average_purchase_price",
          "type": "numeric(12, 2)",
          "primaryKey": false,
          "notNull": true
        },
        "current_value": {
          "name": "current_value",
          "type": "numeric(12, 2)",
          "primaryKey": false,
          "notNull": false
        },
        "profit_loss": {
          "name": "profit_loss",
          "type": "numeric(12, 2)",
          "primaryKey": false,
          "notNull": false
        },
        "profit_loss_percent": {
          "name": "profit_loss_percent",
          "type": "numeric(10, 2)",
          "primaryKey": false,
          "notNull": false
        },
        "is_simulated": {
          "name": "is_simulated",
          "type": "boolean",
          "primaryKey": false,
          "notNull": true,
          "default": false
        },
        "last_updated": {
          "name": "last_updated",
          "type": "timestamp",
          "primaryKey": false,
          "notNull": false,
          "default": "now()"
        }
      },
      "indexes": {},
      "foreignKeys": {},
      "compositePrimaryKeys": {},
      "uniqueConstraints": {},
      "policies": {},
      "checkConstraints": {},
      "isRLSEnabled": false
    },
    "public.rule_actions": {
      "name": "rule_actions",
      "schema": "",
      "columns": {
        "id": {
          "name": "id",
          "type": "varchar",
          "primaryKey": true,
          "notNull": true,
          "default": "gen_random_uuid()"
        },
        "group_id": {
          "name": "group_id",
          "type": "varchar",
          "primaryKey": false,
          "notNull": true
        },
        "action_order": {
          "name": "action_order",
          "type": "integer",
          "primaryKey": false,
          "notNull": true
        },
        "action_type": {
          "name": "action_type",
          "type": "text",
          "primaryKey": false,
          "notNull": true
        },
        "quantity": {
          "name": "quantity",
          "type": "integer",
          "primaryKey": false,
          "notNull": false
        },
        "percentage": {
          "name": "percentage",
          "type": "numeric(5, 2)",
          "primaryKey": false,
          "notNull": false
        },
        "allow_repeat": {
          "name": "allow_repeat",
          "type": "boolean",
          "primaryKey": false,
          "notNull": true,
          "default": false
        },
        "cooldown_minutes": {
          "name": "cooldown_minutes",
          "type": "integer",
          "primaryKey": false,
          "notNull": false
        },
        "created_at": {
          "name": "created_at",
          "type": "timestamp",
          "primaryKey": false,
          "notNull": false,
          "default": "now()"
        }
      },
      "indexes": {},
      "foreignKeys": {
        "rule_actions_group_id_rule_condition_groups_id_fk": {
          "name": "rule_actions_group_id_rule_condition_groups_id_fk",
          "tableFrom": "rule_actions",
          "tableTo": "rule_condition_groups",
          "columnsFrom": [
            "group_id"
          ],
          "columnsTo": [
            "id"
          ],
          "onDelete": "cascade",
          "onUpdate": "no action"
        }
      },
      "compositePrimaryKeys": {},
      "uniqueConstraints": {},
      "policies": {},
      "checkConstraints": {},
      "isRLSEnabled": false
    },
    "public.rule_condition_groups": {
      "name": "rule_condition_groups",
      "schema": "",
      "columns": {
        "id": {
          "name": "id",
          "type": "varchar",
          "primaryKey": true,
          "notNull": true,
          "default": "gen_random_uuid()"
        },
        "rule_id": {
          "name": "rule_id",
          "type": "varchar",
          "primaryKey": false,
          "notNull": true
        },
        "group_order": {
          "name": "group_order",
          "type": "integer",
          "primaryKey": false,
          "notNull": true
        },
        "junction_operator": {
          "name": "junction_operator",
          "type": "text",
          "primaryKey": false,
          "notNull": false
        },
        "description": {
          "name": "description",
          "type": "text",
          "primaryKey": false,
          "notNull": false
        },
        "created_at": {
          "name": "created_at",
          "type": "timestamp",
          "primaryKey": false,
          "notNull": false,
          "default": "now()"
        }
      },
      "indexes": {},
      "foreignKeys": {
        "rule_condition_groups_rule_id_trading_rules_id_fk": {
          "name": "rule_condition_groups_rule_id_trading_rules_id_fk",
          "tableFrom": "rule_condition_groups",
          "tableTo": "trading_rules",
          "columnsFrom": [
            "rule_id"
          ],
          "columnsTo": [
            "id"
          ],
          "onDelete": "cascade",
          "onUpdate": "no action"
        }
      },
      "compositePrimaryKeys": {},
      "uniqueConstraints": {},
      "policies": {},
      "checkConstraints": {},
      "isRLSEnabled": false
    },
    "public.rule_conditions": {
      "name": "rule_conditions",
      "schema": "",
      "columns": {
        "id": {
          "name": "id",
          "type": "varchar",
          "primaryKey": true,
          "notNull": true,
          "default": "gen_random_uuid()"
        },
        "group_id": {
          "name": "group_id",
          "type": "varchar",
          "primaryKey": false,
          "notNull": true
        },
        "metric": {
          "name": "metric",
          "type": "text",
          "primaryKey": false,
          "notNull": true
        },
        "comparator": {
          "name": "comparator",
          "type": "text",
          "primaryKey": false,
          "notNull": true
        },
        "threshold": {
          "name": "threshold",
          "type": "numeric(12, 4)",
          "primaryKey": false,
          "notNull": true
        },
        "timeframe_value": {
          "name": "timeframe_value",
          "type": "integer",
          "primaryKey": false,
          "notNull": false
        },
        "timeframe_unit": {
          "name": "timeframe_unit",
          "type": "text",
          "primaryKey": false,
          "notNull": false
        },
        "metadata": {
          "name": "metadata",
          "type": "jsonb",
          "primaryKey": false,
          "notNull": false
        },
        "created_at": {
          "name": "created_at",
          "type": "timestamp",
          "primaryKey": false,
          "notNull": false,
          "default": "now()"
        }
      },
      "indexes": {},
      "foreignKeys": {
        "rule_conditions_group_id_rule_condition_groups_id_fk": {
          "name": "rule_conditions_group_id_rule_condition_groups_id_fk",
          "tableFrom": "rule_conditions",
          "tableTo": "rule_condition_groups",
          "columnsFrom": [
            "group_id"
          ],
          "columnsTo": [
            "id"
          ],
          "onDelete": "cascade",
          "onUpdate": "no action"
        }
      },
      "compositePrimaryKeys": {},
      "uniqueConstraints": {},
      "policies": {},
      "checkConstraints": {},
      "isRLSEnabled": false
    },
    "public.rule_executions": {
      "name": "rule_executions",
      "schema": "",
      "columns": {
        "id": {
          "name": "id",
          "type": "varchar",
          "primaryKey": true,
          "notNull": true,
          "default": "gen_random_uuid()"
        },
        "rule_id": {
          "name": "rule_id",
          "type": "varchar",
          "primaryKey": false,
          "notNull": true
        },
        "ticker": {
          "name": "ticker",
          "type": "text",
          "primaryKey": false,
          "notNull": true
        },
        "holding_id": {
          "name": "holding_id",
          "type": "varchar",
          "primaryKey": false,
          "notNull": false
        },
        "triggered_at": {
          "name": "triggered_at",
          "type": "timestamp",
          "primaryKey": false,
          "notNull": true,
          "default": "now()"
        },
        "conditions_met": {
          "name": "conditions_met",
          "type": "jsonb",
          "primaryKey": false,
          "notNull": true
        },
        "actions_executed": {
          "name": "actions_executed",
          "type": "jsonb",
          "primaryKey": false,
          "notNull": true
        },
        "success": {
          "name": "success",
          "type": "boolean",
          "primaryKey": false,
          "notNull": true
        },
        "error_message": {
          "name": "error_message",
          "type": "text",
          "primaryKey": false,
          "notNull": false
        }
      },
      "indexes": {},
      "foreignKeys": {
        "rule_executions_rule_id_trading_rules_id_fk": {
          "name": "rule_executions_rule_id_trading_rules_id_fk",
          "tableFrom": "rule_executions",
          "tableTo": "trading_rules",
          "columnsFrom": [
            "rule_id"
          ],
          "columnsTo": [
            "id"
          ],
          "onDelete": "cascade",
          "onUpdate": "no action"
        }
      },
      "compositePrimaryKeys": {},
      "uniqueConstraints": {},
      "policies": {},
      "checkConstraints": {},
      "isRLSEnabled": false
    },
    "public.stock_comments": {
      "name": "stock_comments",
      "schema": "",
      "columns": {
        "id": {
          "name": "id",
          "type": "varchar",
          "primaryKey": true,
          "notNull": true,
          "default": "gen_random_uuid()"
        },
        "ticker": {
          "name": "ticker",
          "type": "text",
          "primaryKey": false,
          "notNull": true
        },
        "user_id": {
          "name": "user_id",
          "type": "varchar",
          "primaryKey": false,
          "notNull": true
        },
        "comment": {
          "name": "comment",
          "type": "text",
          "primaryKey": false,
          "notNull": true
        },
        "created_at": {
          "name": "created_at",
          "type": "timestamp",
          "primaryKey": false,
          "notNull": false,
          "default": "now()"
        }
      },
      "indexes": {},
      "foreignKeys": {
        "stock_comments_user_id_users_id_fk": {
          "name": "stock_comments_user_id_users_id_fk",
          "tableFrom": "stock_comments",
          "tableTo": "users",
          "columnsFrom": [
            "user_id"
          ],
          "columnsTo": [
            "id"
          ],
          "onDelete": "cascade",
          "onUpdate": "no action"
        }
      },
      "compositePrimaryKeys": {},
      "uniqueConstraints": {},
      "policies": {},
      "checkConstraints": {},
      "isRLSEnabled": false
    },
    "public.stock_interests": {
      "name": "stock_interests",
      "schema": "",
      "columns": {
        "id": {
          "name": "id",
          "type": "varchar",
          "primaryKey": true,
          "notNull": true,
          "default": "gen_random_uuid()"
        },
        "ticker": {
          "name": "ticker",
          "type": "text",
          "primaryKey": false,
          "notNull": true
        },
        "user_id": {
          "name": "user_id",
          "type": "varchar",
          "primaryKey": false,
          "notNull": true
        },
        "created_at": {
          "name": "created_at",
          "type": "timestamp",
          "primaryKey": false,
          "notNull": false,
          "default": "now()"
        }
      },
      "indexes": {},
      "foreignKeys": {
        "stock_interests_user_id_users_id_fk": {
          "name": "stock_interests_user_id_users_id_fk",
          "tableFrom": "stock_interests",
          "tableTo": "users",
          "columnsFrom": [
            "user_id"
          ],
          "columnsTo": [
            "id"
          ],
          "onDelete": "cascade",
          "onUpdate": "no action"
        }
      },
      "compositePrimaryKeys": {},
      "uniqueConstraints": {},
      "policies": {},
      "checkConstraints": {},
      "isRLSEnabled": false
    },
    "public.stocks": {
      "name": "stocks",
      "schema": "",
      "columns": {
        "id": {
          "name": "id",
          "type": "varchar",
          "primaryKey": true,
          "notNull": true,
          "default": "gen_random_uuid()"
        },
        "ticker": {
          "name": "ticker",
          "type": "text",
          "primaryKey": false,
          "notNull": true
        },
        "company_name": {
          "name": "company_name",
          "type": "text",
          "primaryKey": false,
          "notNull": true
        },
        "current_price": {
          "name": "current_price",
          "type": "numeric(12, 2)",
          "primaryKey": false,
          "notNull": true
        },
        "previous_close": {
          "name": "previous_close",
          "type": "numeric(12, 2)",
          "primaryKey": false,
          "notNull": false
        },
        "insider_price": {
          "name": "insider_price",
          "type": "numeric(12, 2)",
          "primaryKey": false,
          "notNull": false
        },
        "insider_quantity": {
          "name": "insider_quantity",
          "type": "integer",
          "primaryKey": false,
          "notNull": false
        },
        "insider_trade_date": {
          "name": "insider_trade_date",
          "type": "text",
          "primaryKey": false,
          "notNull": false
        },
        "insider_name": {
          "name": "insider_name",
          "type": "text",
          "primaryKey": false,
          "notNull": false
        },
        "insider_title": {
          "name": "insider_title",
          "type": "text",
          "primaryKey": false,
          "notNull": false
        },
        "market_price_at_insider_date": {
          "name": "market_price_at_insider_date",
          "type": "numeric(12, 2)",
          "primaryKey": false,
          "notNull": false
        },
        "market_cap": {
          "name": "market_cap",
          "type": "text",
          "primaryKey": false,
          "notNull": false
        },
        "pe_ratio": {
          "name": "pe_ratio",
          "type": "numeric(10, 2)",
          "primaryKey": false,
          "notNull": false
        },
        "recommendation": {
          "name": "recommendation",
          "type": "text",
          "primaryKey": false,
          "notNull": false
        },
        "recommendation_status": {
          "name": "recommendation_status",
          "type": "text",
          "primaryKey": false,
          "notNull": false,
          "default": "'pending'"
        },
        "source": {
          "name": "source",
          "type": "text",
          "primaryKey": false,
          "notNull": false
        },
        "confidence_score": {
          "name": "confidence_score",
          "type": "integer",
          "primaryKey": false,
          "notNull": false
        },
        "price_history": {
          "name": "price_history",
          "type": "jsonb",
          "primaryKey": false,
          "notNull": false,
          "default": "'[]'::jsonb"
        },
        "candlesticks": {
          "name": "candlesticks",
          "type": "jsonb",
          "primaryKey": false,
          "notNull": false,
          "default": "'[]'::jsonb"
        },
        "description": {
          "name": "description",
          "type": "text",
          "primaryKey": false,
          "notNull": false
        },
        "industry": {
          "name": "industry",
          "type": "text",
          "primaryKey": false,
          "notNull": false
        },
        "country": {
          "name": "country",
          "type": "text",
          "primaryKey": false,
          "notNull": false
        },
        "web_url": {
          "name": "web_url",
          "type": "text",
          "primaryKey": false,
          "notNull": false
        },
        "ipo": {
          "name": "ipo",
          "type": "text",
          "primaryKey": false,
          "notNull": false
        },
        "news": {
          "name": "news",
          "type": "jsonb",
          "primaryKey": false,
          "notNull": false,
          "default": "'[]'::jsonb"
        },
        "insider_sentiment_mspr": {
          "name": "insider_sentiment_mspr",
          "type": "numeric(10, 4)",
          "primaryKey": false,
          "notNull": false
        },
        "insider_sentiment_change": {
          "name": "insider_sentiment_change",
          "type": "numeric(10, 4)",
          "primaryKey": false,
          "notNull": false
        },
        "last_updated": {
          "name": "last_updated",
          "type": "timestamp",
          "primaryKey": false,
          "notNull": false,
          "default": "now()"
        },
        "rejected_at": {
          "name": "rejected_at",
          "type": "timestamp",
          "primaryKey": false,
          "notNull": false
        }
      },
      "indexes": {},
      "foreignKeys": {},
      "compositePrimaryKeys": {},
      "uniqueConstraints": {
        "stocks_ticker_unique": {
          "name": "stocks_ticker_unique",
          "nullsNotDistinct": false,
          "columns": [
            "ticker"
          ]
        }
      },
      "policies": {},
      "checkConstraints": {},
      "isRLSEnabled": false
    },
    "public.telegram_config": {
      "name": "telegram_config",
      "schema": "",
      "columns": {
        "id": {
          "name": "id",
          "type": "varchar",
          "primaryKey": true,
          "notNull": true,
          "default": "gen_random_uuid()"
        },
        "channel_username": {
          "name": "channel_username",
          "type": "text",
          "primaryKey": false,
          "notNull": true
        },
        "session_string": {
          "name": "session_string",
          "type": "text",
          "primaryKey": false,
          "notNull": false
        },
        "phone_number": {
          "name": "phone_number",
          "type": "text",
          "primaryKey": false,
          "notNull": false
        },
        "enabled": {
          "name": "enabled",
          "type": "boolean",
          "primaryKey": false,
          "notNull": true,
          "default": true
        },
        "last_sync": {
          "name": "last_sync",
          "type": "timestamp",
          "primaryKey": false,
          "notNull": false
        },
        "last_message_id": {
          "name": "last_message_id",
          "type": "integer",
          "primaryKey": false,
          "notNull": false
        }
      },
      "indexes": {},
      "foreignKeys": {},
      "compositePrimaryKeys": {},
      "uniqueConstraints": {},
      "policies": {},
      "checkConstraints": {},
      "isRLSEnabled": false
    },
    "public.trades": {
      "name": "trades",
      "schema": "",
      "columns": {
        "id": {
          "name": "id",
          "type": "varchar",
          "primaryKey": true,
          "notNull": true,
          "default": "gen_random_uuid()"
        },
        "ticker": {
          "name": "ticker",
          "type": "text",
          "primaryKey": false,
          "notNull": true
        },
        "type": {
          "name": "type",
          "type": "text",
          "primaryKey": false,
          "notNull": true
        },
        "quantity": {
          "name": "quantity",
          "type": "integer",
          "primaryKey": false,
          "notNull": true
        },
        "price": {
          "name": "price",
          "type": "numeric(12, 2)",
          "primaryKey": false,
          "notNull": true
        },
        "total": {
          "name": "total",
          "type": "numeric(12, 2)",
          "primaryKey": false,
          "notNull": true
        },
        "status": {
          "name": "status",
          "type": "text",
          "primaryKey": false,
          "notNull": true,
          "default": "'completed'"
        },
        "broker": {
          "name": "broker",
          "type": "text",
          "primaryKey": false,
          "notNull": false,
          "default": "'manual'"
        },
        "ibkr_order_id": {
          "name": "ibkr_order_id",
          "type": "text",
          "primaryKey": false,
          "notNull": false
        },
        "is_simulated": {
          "name": "is_simulated",
          "type": "boolean",
          "primaryKey": false,
          "notNull": true,
          "default": false
        },
        "executed_at": {
          "name": "executed_at",
          "type": "timestamp",
          "primaryKey": false,
          "notNull": false,
          "default": "now()"
        },
        "n8n_workflow_id": {
          "name": "n8n_workflow_id",
          "type": "text",
          "primaryKey": false,
          "notNull": false
        }
      },
      "indexes": {},
      "foreignKeys": {},
      "compositePrimaryKeys": {},
      "uniqueConstraints": {},
      "policies": {},
      "checkConstraints": {},
      "isRLSEnabled": false
    },
    "public.trading_rules": {
      "name": "trading_rules",
      "schema": "",
      "columns": {
        "id": {
          "name": "id",
          "type": "varchar",
          "primaryKey": true,
          "notNull": true,
          "default": "gen_random_uuid()"
        },
        "name": {
          "name": "name",
          "type": "text",
          "primaryKey": false,
          "notNull": true
        },
        "enabled": {
          "name": "enabled",
          "type": "boolean",
          "primaryKey": false,
          "notNull": true,
          "default": true
        },
        "scope": {
          "name": "scope",
          "type": "text",
          "primaryKey": false,
          "notNull": true,
          "default": "'all_holdings'"
        },
        "ticker": {
          "name": "ticker",
          "type": "text",
          "primaryKey": false,
          "notNull": false
        },
        "priority": {
          "name": "priority",
          "type": "integer",
          "primaryKey": false,
          "notNull": true,
          "default": 1000
        },
        "conditions": {
          "name": "conditions",
          "type": "jsonb",
          "primaryKey": false,
          "notNull": false
        },
        "action": {
          "name": "action",
          "type": "text",
          "primaryKey": false,
          "notNull": false
        },
        "action_params": {
          "name": "action_params",
          "type": "jsonb",
          "primaryKey": false,
          "notNull": false
        },
        "created_at": {
          "name": "created_at",
          "type": "timestamp",
          "primaryKey": false,
          "notNull": false,
          "default": "now()"
        },
        "updated_at": {
          "name": "updated_at",
          "type": "timestamp",
          "primaryKey": false,
          "notNull": false,
          "default": "now()"
        }
      },
      "indexes": {},
      "foreignKeys": {},
      "compositePrimaryKeys": {},
      "uniqueConstraints": {},
      "policies": {},
      "checkConstraints": {},
      "isRLSEnabled": false
    },
    "public.users": {
      "name": "users",
      "schema": "",
      "columns": {
        "id": {
          "name": "id",
          "type": "varchar",
          "primaryKey": true,
          "notNull": true,
          "default": "gen_random_uuid()"
        },
        "name": {
          "name": "name",
          "type": "text",
          "primaryKey": false,
          "notNull": true
        },
        "email": {
          "name": "email",
          "type": "text",
          "primaryKey": false,
          "notNull": true
        },
        "avatar_color": {
          "name": "avatar_color",
          "type": "text",
          "primaryKey": false,
          "notNull": true,
          "default": "'#3b82f6'"
        },
        "created_at": {
          "name": "created_at",
          "type": "timestamp",
          "primaryKey": false,
          "notNull": false,
          "default": "now()"
        }
      },
      "indexes": {},
      "foreignKeys": {},
      "compositePrimaryKeys": {},
      "uniqueConstraints": {
        "users_email_unique": {
          "name": "users_email_unique",
          "nullsNotDistinct": false,
          "columns": [
            "email"
          ]
        }
      },
      "policies": {},
      "checkConstraints": {},
      "isRLSEnabled": false
    }
  },
  "enums": {},
  "schemas": {},
  "sequences": {},
  "roles": {},
  "policies": {},
  "views": {},
  "_meta": {
    "columns": {},
    "schemas": {},
    "tables": {}
  }
}